xG,Shots,Shots on Target,Penalties,Passes Attempted,Crosses Attempted,Direct FK,Indirect FK,Corners,Throw Ins,Dribbles,Tackles,Clearances,Interceptions,Offsides,Yellows,Reds,Final Third Entries,Penalty Box Entries,Total Distance Run,Sprints,Attacks,Chance Building Rate,Possession,Team,Venue,Round,Date,xGA,GF,GA,Match Number,Opponent,
1.173,12,5,0,418,27,8,0,6,18,18,28,25,1,0,0,0,46,13,"114,747m",221,118,10.20%,44.10%,Avispa Fukuoka,H,1,2/19/2022,0.602,1,1,1,Júbilo Iwata,1
1.098,11,3,0,279,14,13,1,5,22,8,26,21,2,2,1,0,27,8,"109,128m",176,128,8.60%,35.10%,Avispa Fukuoka,A,2,2/26/2022,0.844,0,0,2,Vissel Kobe,0
2.488,16,5,1,285,18,17,1,5,20,13,29,21,5,0,1,0,25,10,"109,241m",215,123,13.00%,36.50%,Avispa Fukuoka,H,3,3/6/2022,0.804,0,0,3,Consa Sapporo,0
2.428,19,3,0,571,33,9,1,3,39,10,21,14,3,1,0,0,52,24,"119,086m",234,143,13.30%,53.50%,Avispa Fukuoka,A,4,3/12/2022,0.491,0,1,4,Kashiwa Reysol,0
1.371,12,4,0,348,24,16,4,3,18,9,11,34,0,1,2,0,37,16,"113,423m",194,110,10.90%,41.30%,Avispa Fukuoka,A,5,3/19/2022,1.162,3,2,5,Gamba Osaka,3
1.138,11,2,0,306,15,13,4,6,22,15,21,25,3,1,2,0,29,6,"115,921m",217,115,9.60%,38.70%,Avispa Fukuoka,H,6,4/1/2022,0.495,0,0,6,Sagan Tosu,0
0.83,8,5,0,338,17,12,2,5,31,18,15,31,1,0,1,0,34,9,"107,876m",194,123,6.50%,51.10%,Avispa Fukuoka,H,7,4/6/2022,1.694,0,1,7,Kashima Antlers,0
0.331,3,1,0,292,10,14,2,2,22,10,20,23,1,2,0,0,30,3,"105,073m",191,116,2.60%,39.60%,Avispa Fukuoka,A,8,4/10/2022,1.902,0,1,8,Sanfrecce,0
1.442,11,2,0,330,17,9,4,2,15,11,18,30,0,1,1,0,40,10,"113,898m",226,114,9.60%,44.90%,Avispa Fukuoka,H,9,4/17/2022,1.243,0,0,9,Cerezo Osaka,0
0.992,9,2,0,324,25,15,1,4,20,14,34,29,5,5,1,0,32,12,"107,929m",175,135,6.70%,48.80%,Avispa Fukuoka,A,10,4/29/2022,0.693,1,0,10,Kyoto Sanga,1
2.029,14,5,0,246,16,11,1,6,22,8,22,24,2,0,2,0,32,8,"110,516m",211,111,12.60%,36.20%,Avispa Fukuoka,H,11,5/3/2022,1.347,5,1,11,FC Tokyo,5
0.949,7,1,0,413,20,19,5,5,21,12,25,16,5,2,2,0,34,11,"106,744m",201,123,5.70%,52.70%,Avispa Fukuoka,H,12,5/7/2022,0.35,0,0,12,Shonan Bellmare,0
0.701,5,1,0,289,16,9,1,4,14,11,19,12,1,0,0,0,32,6,"104,810m",163,100,5.00%,31.30%,Avispa Fukuoka,A,13,5/14/2022,0.712,0,2,13,Kawa Frontale,0
0.857,9,1,0,238,16,15,0,2,16,9,18,37,3,2,2,0,20,9,"115,972m",197,104,8.70%,33.70%,Avispa Fukuoka,H,14,5/21/2022,1.695,1,0,14,Marinos,1
0.473,9,0,0,556,32,8,0,4,32,21,13,6,1,1,3,0,63,11,"109,386m",157,121,7.40%,63%,Avispa Fukuoka,A,15,5/25/2022,1.023,0,1,15,Grampus,0
0.165,3,2,0,220,7,7,3,1,15,7,21,44,3,1,3,0,15,6,"106,934m",163,100,3.00%,32.70%,Avispa Fukuoka,H,16,5/28/2022,1.053,0,0,16,Urawa Reds,0
1.183,15,6,0,472,28,10,1,7,30,12,14,12,1,2,2,0,50,12,"108,664m",166,107,14.00%,55.20%,Avispa Fukuoka,A,17,6/18/2022,0.601,1,3,17,S-Pulse,1
0.892,11,2,0,301,8,10,0,6,18,9,30,25,3,4,3,0,24,5,"120,379m",196,119,9.20%,35.20%,Cerezo Osaka,A,1,2/19/2022,3.204,2,2,1,Marinos,2
1.975,17,9,0,511,17,11,0,5,32,13,17,13,1,4,2,0,47,22,"115,527m",214,152,11.20%,54.40%,Cerezo Osaka,H,2,2/26/2022,1.185,1,1,2,Kyoto Sanga,1
1.227,14,3,0,467,29,16,2,8,26,7,14,13,0,2,0,0,42,13,"119,619m",222,144,9.70%,53.10%,Cerezo Osaka,H,3,3/6/2022,1.44,0,1,3,FC Tokyo,0
0.986,10,2,0,457,11,14,2,3,27,5,19,11,3,2,1,0,47,9,"117,515m",151,122,8.20%,50%,Cerezo Osaka,A,4,3/12/2022,0.95,3,1,4,S-Pulse,3
0.993,9,3,0,354,6,15,3,2,27,5,23,17,1,4,0,0,17,6,"112,973m",192,133,6.80%,45%,Cerezo Osaka,H,5,3/19/2022,2.48,2,2,5,Consa Sapporo,2
2.376,21,8,0,312,16,6,1,4,31,4,21,23,4,1,0,0,36,13,"120,653m",204,141,14.90%,35.50%,Cerezo Osaka,A,6,4/2/2022,1.176,4,1,6,Kawa Frontale,4
0.809,10,1,0,535,14,12,0,8,33,7,13,10,0,4,3,0,37,11,"120,076m",238,135,7.40%,52.10%,Cerezo Osaka,H,7,4/5/2022,1.712,0,1,7,Kashiwa Reysol,0
1.272,13,3,0,407,17,3,0,1,26,12,21,35,4,1,0,0,32,12,"119,488m",191,119,10.90%,39.70%,Cerezo Osaka,A,8,4/10/2022,1.029,1,0,8,Vissel Kobe,1
1.243,17,4,0,442,22,14,1,4,21,9,17,10,3,3,1,0,40,15,"112,628m",196,122,13.90%,55.10%,Cerezo Osaka,A,9,4/17/2022,1.442,0,0,9,Avispa Fukuoka,0
1.396,16,4,0,510,25,13,1,8,38,9,23,12,1,1,1,0,38,15,"118,803m",237,165,9.70%,55.30%,Cerezo Osaka,H,10,4/29/2022,1.134,0,3,10,Kashima Antlers,0
1.596,12,6,1,354,12,10,2,3,22,9,20,36,0,1,1,0,26,11,"117,270m",204,116,10.30%,43.60%,Cerezo Osaka,A,11,5/3/2022,0.758,1,1,11,Sagan Tosu,1
1.987,19,6,0,500,19,9,0,8,24,9,22,25,1,2,0,1,50,13,"118,515m",184,117,16.20%,50.20%,Cerezo Osaka,H,12,5/6/2022,1.079,2,1,12,Júbilo Iwata,2
0.711,10,2,0,585,17,7,4,6,29,8,16,9,3,0,1,0,55,9,"118,124m",195,129,7.80%,54%,Cerezo Osaka,A,13,5/14/2022,0.506,0,1,13,Grampus,0
1.646,20,7,0,489,23,16,0,5,27,8,14,11,1,1,0,0,47,20,"112,896m",193,111,18.00%,56.30%,Cerezo Osaka,H,14,5/21/2022,0.463,3,1,14,Gamba Osaka,3
1.342,10,4,1,306,8,7,2,6,26,7,15,24,1,1,1,0,29,8,"109,809m",160,109,9.20%,40.30%,Cerezo Osaka,H,15,5/25/2022,1.166,2,0,15,Urawa Reds,2
0.931,9,3,0,414,5,7,3,1,14,8,17,37,3,1,1,0,20,6,"115,027m",149,115,7.80%,51.20%,Cerezo Osaka,A,16,5/29/2022,1.413,2,0,16,Shonan Bellmare,2
0.354,4,3,0,308,7,14,3,1,21,2,10,36,1,1,1,0,14,7,"114,273m",126,113,3.50%,42.80%,Cerezo Osaka,A,17,6/18/2022,1.31,1,2,17,Sanfrecce,1
2.203,17,3,1,594,19,7,1,5,26,15,18,16,8,2,0,0,51,21,"113,995m",174,122,13.90%,57.50%,Consa Sapporo,A,1,2/19/2022,0.882,1,1,1,S-Pulse,1
1.165,19,4,0,500,8,11,0,3,22,18,26,23,3,3,1,0,41,21,"114,065m",228,141,13.50%,54.40%,Consa Sapporo,H,2,2/26/2022,1.345,1,1,2,Sanfrecce,1
0.804,7,2,0,528,8,19,0,4,23,11,25,17,1,1,2,0,29,6,"107,258m",180,132,5.30%,63.50%,Consa Sapporo,A,3,3/6/2022,2.488,0,0,3,Avispa Fukuoka,0
0.916,11,5,0,417,9,16,2,3,20,15,18,18,4,2,1,0,28,18,"113,497m",218,110,10.00%,46.70%,Consa Sapporo,H,4,3/12/2022,1.306,1,1,4,Marinos,1
2.48,16,7,0,460,20,9,4,7,26,19,32,13,4,3,0,0,41,11,"112,392m",196,132,12.10%,55%,Consa Sapporo,A,5,3/19/2022,0.993,2,2,5,Cerezo Osaka,2
1.281,9,2,0,523,13,6,2,1,14,15,18,15,2,2,1,1,41,14,"113,857m",194,98,9.20%,53.50%,Consa Sapporo,H,6,4/2/2022,2.489,1,1,6,Urawa Reds,1
0.605,8,1,0,623,10,17,1,1,19,13,12,20,3,1,0,0,40,9,"121,101m",162,114,7.00%,53.90%,Consa Sapporo,A,7,4/6/2022,1.659,0,5,7,Sagan Tosu,0
0.79,5,2,0,569,9,13,2,7,20,12,15,10,4,3,1,0,43,11,"113,121m",177,119,4.20%,58.20%,Consa Sapporo,A,8,4/10/2022,2.148,2,0,8,Grampus,2
1.266,14,6,0,440,12,13,1,2,21,9,18,21,0,1,3,0,33,11,"116,566m",167,118,11.90%,48.10%,Consa Sapporo,H,9,4/16/2022,0.427,0,0,9,FC Tokyo,0
1.3,14,4,0,476,11,11,2,7,16,14,18,35,4,1,2,0,39,11,"110,913m",151,124,11.30%,52.10%,Consa Sapporo,H,10,4/29/2022,0.855,1,0,10,Shonan Bellmare,1
3.456,26,8,1,490,21,9,0,7,35,12,21,11,2,1,1,0,42,25,"112,238m",139,136,19.10%,50.40%,Consa Sapporo,A,11,5/4/2022,1.245,0,0,11,Gamba Osaka,0
1.177,16,4,0,454,16,10,1,5,20,13,20,24,5,4,0,0,46,20,"110,319m",201,129,12.40%,50.70%,Consa Sapporo,H,12,5/7/2022,0.981,1,0,12,Kyoto Sanga,1
1.499,14,2,0,480,11,6,0,6,25,13,17,15,2,1,3,0,43,9,"106,094m",167,125,11.20%,56.70%,Consa Sapporo,A,13,5/14/2022,2.848,1,4,13,Kashima Antlers,1
1.522,12,3,0,550,13,16,0,3,22,20,16,30,1,1,1,0,39,15,"110,903m",171,118,10.20%,55.30%,Consa Sapporo,A,14,5/22/2022,1.592,2,1,14,Júbilo Iwata,2
0.775,14,4,0,620,9,13,2,4,22,20,13,12,3,1,2,1,41,13,"116,539m",202,118,11.90%,57.10%,Consa Sapporo,H,15,5/25/2022,3.194,1,6,15,Kashiwa Reysol,1
1.326,15,2,0,491,15,14,1,5,19,9,19,17,5,0,2,1,49,13,"105,541m",120,104,14.40%,56.10%,Consa Sapporo,A,16,5/29/2022,1.8,1,4,16,Vissel Kobe,1
1.102,9,3,0,382,9,9,2,4,24,7,16,19,0,4,4,0,20,3,"108,587m",149,107,8.40%,38.60%,Consa Sapporo,A,17,6/18/2022,2.353,2,5,17,Kawa Frontale,2
1.219,15,7,0,484,13,14,4,12,20,13,14,19,2,2,3,0,35,11,"110,439m",193,132,11.40%,56.20%,FC Tokyo,A,1,2/18/2022,0.592,0,1,1,Kawa Frontale,0
1.44,9,4,0,383,11,10,2,5,18,14,19,36,3,1,3,1,31,10,"114,398m",182,127,7.10%,46.90%,FC Tokyo,A,3,3/6/2022,1.227,1,0,2,Cerezo Osaka,1
1.168,11,3,0,384,6,16,5,5,31,7,17,24,1,2,1,0,22,8,"112,897m",173,132,8.30%,49.90%,FC Tokyo,H,4,3/12/2022,0.649,2,1,3,Sanfrecce,2
1.008,6,2,0,513,19,15,2,11,30,14,15,18,3,0,2,0,53,8,"112,574m",197,133,4.50%,56%,FC Tokyo,A,5,3/19/2022,1.15,1,0,4,Kyoto Sanga,1
0.728,8,2,0,363,12,12,0,3,23,7,28,20,4,4,3,1,27,11,"115,310m",229,114,7.00%,37.60%,FC Tokyo,A,6,4/2/2022,1.83,1,2,5,Marinos,1
1.566,16,6,0,491,17,10,1,5,32,14,17,21,2,1,0,0,42,16,"117,995m",206,127,12.60%,50.50%,FC Tokyo,H,7,4/6/2022,1.096,3,1,6,Vissel Kobe,3
1.03,8,3,0,366,7,9,2,2,14,10,17,23,1,2,1,0,33,4,"109,151m",168,107,7.50%,39.50%,FC Tokyo,H,8,4/10/2022,1.701,0,0,7,Urawa Reds,0
0.427,7,1,0,464,11,19,1,3,30,13,20,15,2,1,1,0,33,13,"114,351m",186,129,5.40%,51.90%,FC Tokyo,A,9,4/16/2022,1.266,0,0,8,Consa Sapporo,0
0.95,10,4,0,514,12,10,1,8,38,9,17,23,1,3,0,0,38,7,"110,851m",185,136,7.40%,55.10%,FC Tokyo,H,2,4/20/2022,1.499,0,0,9,Grampus,0
1.111,10,3,0,421,10,13,3,4,35,11,16,23,2,1,2,0,28,13,"113,747m",207,125,8.00%,50.50%,FC Tokyo,H,10,4/29/2022,0.896,2,0,10,Gamba Osaka,2
1.347,13,4,0,512,12,20,0,4,26,6,8,24,0,1,1,0,34,11,"105,374m",185,127,10.20%,63.80%,FC Tokyo,A,11,5/3/2022,2.029,1,5,11,Avispa Fukuoka,1
0.469,8,2,0,482,12,17,3,3,35,11,16,28,2,2,3,0,28,8,"106,654m",197,118,6.80%,59%,FC Tokyo,H,12,5/8/2022,1.16,0,1,12,Sagan Tosu,0
0.71,8,4,0,674,22,11,1,7,29,21,20,12,0,0,1,0,55,18,"109,123m",184,123,6.50%,65.60%,FC Tokyo,A,13,5/14/2022,1.04,1,2,13,Júbilo Iwata,1
0.515,8,2,0,582,9,16,0,5,33,8,15,12,1,3,0,0,29,4,"113,246m",202,118,6.80%,58.50%,FC Tokyo,H,14,5/21/2022,1.191,0,0,14,Kashiwa Reysol,0
1.107,15,6,0,629,17,9,0,7,17,10,15,15,1,2,0,0,48,14,"118,900m",257,104,14.40%,57.90%,FC Tokyo,A,15,5/25/2022,1.027,3,0,15,S-Pulse,3
1.833,11,7,1,368,7,16,3,7,33,12,25,20,3,2,0,0,24,16,"105,555m",174,143,7.70%,52.80%,FC Tokyo,H,16,5/29/2022,0.883,3,1,16,Kashima Antlers,3
1.13,8,3,0,588,17,14,3,3,30,26,20,16,0,1,0,0,44,13,"107,318m",186,137,5.80%,60.70%,FC Tokyo,A,17,6/18/2022,0.837,0,2,17,Shonan Bellmare,0
0.656,9,3,0,348,8,7,2,5,19,12,16,34,2,1,0,1,28,4,"111,503m",166,123,7.30%,44.70%,Gamba Osaka,H,1,2/19/2022,3.054,1,3,1,Kashima Antlers,1
0.966,9,3,0,313,14,18,0,2,18,9,20,21,2,0,0,0,25,6,"118,800m",163,122,7.40%,33.60%,Gamba Osaka,A,2,2/26/2022,1.463,1,0,2,Urawa Reds,1
0.529,6,3,0,361,14,16,0,0,15,12,29,38,4,0,1,0,27,8,"118,900m",144,121,5.00%,39.60%,Gamba Osaka,H,3,3/6/2022,1.303,2,2,3,Kawa Frontale,2
1.639,13,3,0,629,24,9,3,7,28,11,11,11,3,3,1,0,50,17,"118,592m",156,122,10.70%,54.70%,Gamba Osaka,A,4,3/12/2022,0.499,1,1,4,Júbilo Iwata,1
1.162,11,2,0,569,15,16,1,4,27,4,13,19,0,4,3,0,34,11,"112,823m",139,118,9.30%,58.70%,Gamba Osaka,H,5,3/19/2022,1.371,2,3,5,Avispa Fukuoka,2
1.392,15,7,0,389,7,10,1,4,15,9,19,26,2,1,0,0,17,7,"117,526m",171,119,12.60%,44.40%,Gamba Osaka,H,6,4/2/2022,1.726,3,1,6,Grampus,3
1.006,11,5,0,359,9,14,3,4,19,8,23,21,2,1,0,0,27,10,"109,410m",160,124,8.90%,48.40%,Gamba Osaka,A,7,4/6/2022,1.684,1,1,7,Kyoto Sanga,1
1.32,17,6,0,478,16,14,1,1,26,8,19,17,0,1,0,0,40,14,"115,593m",156,115,14.80%,48.10%,Gamba Osaka,A,8,4/10/2022,1.623,1,1,8,S-Pulse,1
0.699,9,2,0,502,11,12,1,2,21,4,17,21,0,3,0,0,44,11,"118,255m",144,116,7.80%,52.90%,Gamba Osaka,H,9,4/17/2022,0.78,0,1,9,Shonan Bellmare,0
0.896,12,1,0,407,22,13,1,7,27,7,19,20,4,3,0,0,30,12,"117,126m",201,126,9.50%,49.50%,Gamba Osaka,A,10,4/29/2022,1.111,0,2,10,FC Tokyo,0
1.245,9,4,0,407,8,15,2,5,24,15,28,36,2,0,2,0,26,7,"115,332m",158,144,6.30%,49.60%,Gamba Osaka,H,11,5/4/2022,3.456,0,0,11,Consa Sapporo,0
2.891,33,6,0,486,15,7,0,11,26,16,10,13,2,2,2,0,61,14,"115,963m",160,111,29.70%,55%,Gamba Osaka,H,12,5/8/2022,0.306,2,0,12,Vissel Kobe,2
0.829,7,3,0,469,10,9,3,3,16,10,8,32,0,2,1,0,22,3,"118,775m",195,111,6.30%,52.70%,Gamba Osaka,A,13,5/14/2022,1.796,1,0,13,Kashiwa Reysol,1
0.463,5,1,0,317,6,8,1,0,29,6,14,26,1,0,2,0,17,6,"111,561m",177,105,4.80%,43.70%,Gamba Osaka,A,14,5/21/2022,1.646,1,3,14,Cerezo Osaka,1
0.922,11,2,0,368,10,17,1,1,32,9,18,23,0,1,0,0,31,7,"117,488m",194,124,8.90%,45.90%,Gamba Osaka,A,16,5/29/2022,1.153,1,2,15,Sagan Tosu,1
1.236,12,4,0,351,8,11,3,3,29,9,17,23,2,1,4,1,21,11,"120,299m",205,132,9.10%,45.20%,Gamba Osaka,H,17,6/18/2022,2.222,1,2,16,Marinos,1
0.602,8,3,0,630,8,17,0,1,23,4,19,23,0,0,1,0,29,10,"114,746m",159,138,5.80%,55.90%,JÃºbilo Iwata,A,1,2/19/2022,1.173,1,1,1,Avispa Fukuoka,1
0.412,8,4,0,566,11,10,0,0,31,9,19,11,1,0,3,2,41,10,"112,307m",174,130,6.20%,52%,JÃºbilo Iwata,H,2,2/26/2022,1.37,1,2,2,S-Pulse,1
3.053,20,10,0,590,19,10,1,3,22,9,32,18,2,4,0,0,52,19,"114,116m",169,123,16.30%,54.90%,JÃºbilo Iwata,A,3,3/5/2022,0.894,4,1,3,Kyoto Sanga,4
0.499,8,3,0,497,8,12,3,1,13,3,20,30,1,3,2,0,31,11,"114,239m",149,111,7.20%,45.30%,JÃºbilo Iwata,H,4,3/12/2022,1.639,1,1,4,Gamba Osaka,1
1.065,11,3,0,537,12,6,1,4,25,10,33,20,2,1,1,0,38,9,"113,840m",159,112,9.80%,46.40%,JÃºbilo Iwata,A,5,3/19/2022,3.076,1,4,5,Urawa Reds,1
0.488,7,2,0,594,13,7,0,2,19,9,32,28,3,1,1,0,27,13,"119,828m",187,127,5.50%,47.50%,JÃºbilo Iwata,A,6,4/2/2022,1.391,0,2,6,Kashiwa Reysol,0
0.963,8,4,0,405,11,6,3,2,29,5,17,27,3,1,2,0,23,9,"117,326m",172,123,6.50%,43.70%,JÃºbilo Iwata,H,7,4/6/2022,2.267,1,1,7,Kawa Frontale,1
0.762,10,0,0,445,13,17,2,1,24,9,14,26,2,2,1,0,25,8,"115,124m",137,124,8.10%,53.30%,JÃºbilo Iwata,A,8,4/10/2022,0.656,0,0,8,Shonan Bellmare,0
1.221,7,2,0,425,11,11,2,3,17,5,24,33,1,2,2,0,22,13,"119,975m",156,121,5.80%,42.30%,JÃºbilo Iwata,H,9,4/17/2022,1.885,2,2,9,Sanfrecce,2
1.094,13,4,0,515,12,12,0,6,14,9,13,25,2,3,1,0,50,14,"116,624m",131,120,10.80%,48.20%,JÃºbilo Iwata,H,10,4/28/2022,0.46,2,1,10,Grampus,2
0.708,7,2,0,475,16,5,3,6,23,14,24,18,3,1,1,0,34,10,"114,108m",180,126,5.60%,47.20%,JÃºbilo Iwata,A,11,5/3/2022,1.985,1,3,11,Kashima Antlers,1
1.079,11,4,0,504,18,10,2,2,23,13,27,20,0,0,1,0,45,13,"117,511m",156,118,9.30%,49.80%,JÃºbilo Iwata,A,12,5/6/2022,1.987,1,2,12,Cerezo Osaka,1
1.04,11,2,0,306,9,10,0,6,28,7,25,29,2,1,1,0,22,9,"113,728m",164,119,9.20%,34.40%,JÃºbilo Iwata,H,13,5/14/2022,0.71,2,1,13,FC Tokyo,2
1.592,9,1,0,419,13,8,1,6,28,5,18,10,4,0,1,0,20,4,"110,273m",125,120,7.50%,44.70%,JÃºbilo Iwata,H,14,5/22/2022,1.522,1,2,14,Consa Sapporo,1
0.901,6,1,0,557,12,7,1,1,23,8,13,27,0,2,3,0,38,9,"116,572m",148,111,5.40%,48.40%,JÃºbilo Iwata,A,15,5/25/2022,2.32,0,0,15,Vissel Kobe,0
0.783,9,4,0,408,7,10,2,1,29,11,32,19,3,2,0,0,21,5,"113,887m",172,131,6.90%,39.60%,JÃºbilo Iwata,H,16,5/29/2022,1.118,0,2,16,Marinos,0
1.624,8,3,0,276,11,12,1,1,18,5,19,31,2,2,1,0,23,9,"115,066m",145,104,7.70%,31.60%,JÃºbilo Iwata,H,17,6/18/2022,0.818,3,1,17,Sagan Tosu,3
3.054,34,13,0,584,22,9,1,10,24,13,18,21,0,2,0,0,62,23,"120,342m",200,129,26.40%,55.30%,Kashima Antlers,A,1,2/19/2022,0.656,3,1,1,Gamba Osaka,3
0.688,9,3,0,599,17,11,3,7,30,11,28,21,4,2,0,0,38,8,"120,159m",182,154,5.80%,53.60%,Kashima Antlers,H,2,2/26/2022,1.37,0,2,2,Kawa Frontale,0
0.887,12,2,0,420,21,13,1,7,32,17,17,27,1,1,2,0,32,9,"120,363m",221,151,7.90%,50%,Kashima Antlers,H,3,3/6/2022,0.886,1,0,3,Kashiwa Reysol,1
1.119,11,6,0,292,8,11,2,5,22,6,25,42,1,0,4,0,26,9,"117,208m",183,123,8.90%,36%,Kashima Antlers,A,4,3/11/2022,0.524,2,0,4,Vissel Kobe,2
1.308,13,5,0,455,24,16,3,4,32,20,37,25,2,3,1,0,52,4,"119,817m",241,152,8.60%,58%,Kashima Antlers,H,5,3/19/2022,0.582,2,1,5,Shonan Bellmare,2
1.45,21,7,0,450,30,12,0,9,42,16,24,15,1,1,2,1,59,19,"121,647m",219,145,14.50%,55%,Kashima Antlers,H,6,4/2/2022,0.585,2,1,6,S-Pulse,2
1.694,14,4,0,357,20,17,0,6,31,15,21,16,2,2,2,0,35,12,"112,637m",235,138,10.10%,48.90%,Kashima Antlers,A,7,4/6/2022,0.83,1,0,7,Avispa Fukuoka,1
1.053,12,5,0,263,13,10,1,4,24,10,31,36,6,5,0,0,21,4,"116,820m",216,135,8.90%,35.80%,Kashima Antlers,H,8,4/10/2022,2.727,0,3,8,Marinos,0
0.43,8,1,0,396,23,19,2,5,34,19,28,18,1,1,3,0,31,13,"112,210m",190,132,6.10%,52.40%,Kashima Antlers,H,9,4/17/2022,0.945,0,0,9,Grampus,0
1.134,10,6,0,325,14,9,2,0,21,10,23,43,0,1,1,0,31,11,"120,980m",232,135,7.40%,44.70%,Kashima Antlers,A,10,4/29/2022,1.396,3,0,10,Cerezo Osaka,3
1.985,20,5,0,506,16,6,2,7,21,14,19,27,1,3,0,0,43,19,"119,168m",218,127,15.70%,52.80%,Kashima Antlers,H,11,5/3/2022,0.708,3,1,11,Júbilo Iwata,3
0.776,6,2,0,466,8,18,2,4,22,11,23,14,2,0,1,0,36,6,"112,303m",178,122,4.90%,53.80%,Kashima Antlers,A,12,5/7/2022,1.528,0,3,12,Sanfrecce,0
2.848,20,6,1,309,11,8,1,2,28,8,15,21,2,0,0,0,29,12,"112,767m",203,119,16.80%,43.30%,Kashima Antlers,H,13,5/14/2022,1.499,4,1,13,Consa Sapporo,4
0.937,15,6,0,340,22,10,0,9,29,16,18,19,1,0,0,0,35,10,"113,105m",219,124,12.10%,41.40%,Kashima Antlers,A,14,5/21/2022,1.606,1,1,14,Urawa Reds,1
1.879,17,8,0,442,21,21,1,6,31,9,13,12,1,1,0,0,50,19,"113,685m",185,124,13.70%,58.30%,Kashima Antlers,H,15,5/25/2022,2.188,4,4,15,Sagan Tosu,4
0.883,12,2,0,357,16,12,3,2,22,10,24,9,1,2,4,0,30,11,"105,051m",167,126,9.50%,47.20%,Kashima Antlers,A,16,5/29/2022,1.833,1,3,16,FC Tokyo,1
0.841,12,5,0,357,10,10,2,8,29,10,19,20,3,3,1,0,30,3,"108,008m",169,125,9.60%,55.20%,Kashima Antlers,H,17,6/18/2022,1.112,1,0,17,Kyoto Sanga,1
2.371,15,8,1,572,14,10,2,0,22,13,29,21,0,1,1,0,53,11,"114,039m",204,117,12.80%,57.20%,Kashiwa Reysol,A,1,2/19/2022,0.691,2,0,1,Shonan Bellmare,2
1.838,16,8,0,370,13,11,3,5,20,10,24,12,4,4,0,0,33,18,"117,747m",209,125,12.80%,45.20%,Kashiwa Reysol,H,2,2/27/2022,0.942,3,1,2,Marinos,3
0.886,10,4,0,418,15,9,1,4,30,12,27,25,1,1,3,0,34,11,"115,436m",199,142,7.00%,50%,Kashiwa Reysol,A,3,3/6/2022,0.887,0,1,3,Kashima Antlers,0
0.491,6,5,0,449,13,13,1,1,17,4,20,47,2,1,0,0,29,9,"117,576m",204,127,4.70%,46.50%,Kashiwa Reysol,H,4,3/12/2022,2.428,1,0,4,Avispa Fukuoka,1
1.479,14,6,0,451,10,8,2,8,31,12,17,26,4,1,3,0,36,12,"116,902m",213,124,11.30%,51.70%,Kashiwa Reysol,A,5,3/20/2022,1.248,1,1,5,Grampus,1
1.391,15,5,0,584,17,8,1,8,18,18,25,17,5,0,2,0,51,15,"120,071m",215,129,11.60%,52.50%,Kashiwa Reysol,H,6,4/2/2022,0.488,2,0,6,Júbilo Iwata,2
1.712,11,4,0,452,10,13,4,1,9,10,13,36,2,0,1,0,30,7,"120,307m",225,111,9.90%,47.90%,Kashiwa Reysol,A,7,4/5/2022,0.809,1,0,7,Cerezo Osaka,1
0.348,4,0,0,376,4,13,6,1,32,8,22,27,4,1,2,0,23,2,"112,215m",175,123,3.30%,45.40%,Kashiwa Reysol,A,8,4/9/2022,0.655,0,1,8,Kawa Frontale,0
0.785,12,1,0,583,14,9,1,3,39,15,18,13,2,5,1,0,50,9,"118,938m",203,135,8.90%,59.40%,Kashiwa Reysol,H,9,4/17/2022,1.454,0,2,9,Kyoto Sanga,0
1.357,15,5,0,429,12,14,0,4,35,17,19,24,1,0,0,0,29,8,"118,333m",211,136,11.00%,50.20%,Kashiwa Reysol,H,10,4/29/2022,1.704,1,4,10,Sagan Tosu,1
1.618,14,5,0,354,14,7,4,5,23,11,10,36,0,0,1,0,30,9,"111,240m",213,111,12.60%,46.20%,Kashiwa Reysol,A,11,5/3/2022,0.894,2,1,11,Sanfrecce,2
0.627,9,3,0,327,12,5,4,1,21,10,22,19,1,0,4,0,39,11,"111,747m",167,103,8.70%,35.60%,Kashiwa Reysol,H,12,5/8/2022,0.669,0,0,12,Urawa Reds,0
1.796,20,2,0,503,18,7,2,6,30,8,7,15,1,3,0,0,47,17,"116,190m",207,107,18.70%,47.30%,Kashiwa Reysol,H,13,5/14/2022,0.829,0,1,13,Gamba Osaka,0
1.191,8,1,0,363,22,7,3,6,13,9,18,29,2,0,2,0,38,12,"115,781m",195,98,8.20%,41.50%,Kashiwa Reysol,A,14,5/21/2022,0.515,0,0,14,FC Tokyo,0
3.194,21,10,1,446,13,8,1,3,3,6,18,30,1,2,2,0,57,23,"124,517m",215,99,21.20%,42.90%,Kashiwa Reysol,A,15,5/25/2022,0.775,6,1,15,Consa Sapporo,6
1.337,13,5,0,499,12,7,2,3,24,14,13,19,1,1,0,0,40,20,"120,501m",181,110,11.80%,51.30%,Kashiwa Reysol,H,16,5/29/2022,1.347,3,1,16,S-Pulse,3
1.408,11,4,1,389,15,7,4,6,22,10,18,13,3,1,2,0,43,12,"115,886m",170,113,9.70%,40.60%,Kashiwa Reysol,H,17,6/18/2022,1.119,3,1,17,Vissel Kobe,3
0.592,10,4,0,360,12,12,2,5,23,8,23,24,1,4,2,0,32,7,"105,280m",173,119,8.40%,43.80%,Kawasaki Frontale,H,1,2/18/2022,1.219,1,0,1,FC Tokyo,1
1.123,12,5,0,520,16,11,0,6,20,9,16,15,5,3,3,0,41,17,"116,699m",225,115,10.40%,45.90%,Kawasaki Frontale,A,9,2/23/2022,1.307,2,4,2,Marinos,2
1.37,13,4,0,495,6,16,2,2,34,6,20,31,4,2,0,0,38,17,"117,078m",195,152,8.60%,46.40%,Kawasaki Frontale,A,2,2/26/2022,0.688,2,0,3,Kashima Antlers,2
0.771,9,3,0,517,12,8,0,2,28,7,14,24,2,2,4,0,41,12,"108,091m",150,104,8.70%,50.40%,Kawasaki Frontale,H,10,3/2/2022,1.748,2,1,4,Urawa Reds,2
1.303,17,5,0,730,15,11,0,5,30,15,22,12,4,0,1,0,73,24,"112,417m",123,132,12.90%,60.40%,Kawasaki Frontale,A,3,3/6/2022,0.529,2,2,5,Gamba Osaka,2
0.684,9,1,0,630,4,13,1,3,24,9,23,33,6,1,1,0,45,12,"113,540m",201,125,7.20%,57.40%,Kawasaki Frontale,H,4,3/12/2022,1.27,1,0,6,Grampus,1
1.113,8,3,0,548,6,13,2,6,26,10,32,30,3,2,1,0,35,10,"118,281m",194,130,6.20%,51.40%,Kawasaki Frontale,A,5,3/19/2022,1.156,2,0,7,Sanfrecce,2
1.176,17,3,0,769,18,4,1,6,32,10,30,19,0,1,0,0,65,24,"116,172m",190,143,11.90%,64.50%,Kawasaki Frontale,H,6,4/2/2022,2.376,1,4,8,Cerezo Osaka,1
2.267,22,8,0,609,18,13,1,6,26,11,24,19,3,3,0,0,56,19,"114,056m",194,124,17.70%,56.30%,Kawasaki Frontale,A,7,4/6/2022,0.963,1,1,9,Júbilo Iwata,1
0.655,8,4,0,519,6,12,1,10,30,6,15,12,5,6,5,0,33,10,"112,004m",193,133,6.00%,54.60%,Kawasaki Frontale,H,8,4/9/2022,0.348,1,0,10,Kashiwa Reysol,1
0.757,10,3,0,691,5,10,1,3,21,9,23,15,1,1,1,0,53,13,"110,453m",167,107,9.30%,59.20%,Kawasaki Frontale,A,12,5/7/2022,1.165,2,0,11,S-Pulse,2
0.712,8,4,0,785,10,10,0,3,23,6,18,22,3,1,0,0,46,10,"103,552m",136,109,7.30%,68.70%,Kawasaki Frontale,H,13,5/14/2022,0.701,2,0,12,Avispa Fukuoka,2
1.115,14,5,0,756,11,5,0,4,21,4,14,17,1,3,0,0,87,11,"107,293m",138,95,14.70%,60.10%,Kawasaki Frontale,A,11,5/18/2022,0.964,1,0,13,Vissel Kobe,1
1.161,15,4,0,423,15,16,3,5,14,9,24,16,1,2,0,1,39,18,"110,391m",185,117,12.80%,46.90%,Kawasaki Frontale,A,14,5/21/2022,0.857,0,0,14,Sagan Tosu,0
0.747,14,4,0,496,8,9,2,4,23,5,19,19,6,3,2,0,30,9,"109,667m",168,115,12.20%,54.10%,Kawasaki Frontale,H,15,5/25/2022,1.695,0,4,15,Shonan Bellmare,0
0.993,11,1,0,495,17,12,1,1,26,13,22,16,5,6,1,0,41,22,"101,962m",127,110,10.00%,56.70%,Kawasaki Frontale,A,16,5/29/2022,0.712,0,1,16,Kyoto Sanga,0
2.353,17,9,0,606,8,12,4,6,26,14,10,18,5,2,0,0,44,12,"106,613m",160,113,15.00%,61.40%,Kawasaki Frontale,H,17,6/18/2022,1.102,5,2,17,Consa Sapporo,5
0.876,9,2,0,408,13,8,0,3,22,10,33,30,2,0,0,0,32,11,"120,897m",209,124,7.30%,45%,Kyoto Sanga,H,1,2/19/2022,1.629,1,0,1,Urawa Reds,1
1.185,9,4,0,398,16,11,4,3,22,14,25,28,4,0,1,0,31,10,"118,031m",241,138,6.50%,45.60%,Kyoto Sanga,A,2,2/26/2022,1.975,1,1,2,Cerezo Osaka,1
0.894,13,4,0,403,8,8,4,2,25,14,18,19,1,2,1,1,30,6,"111,370m",201,115,11.30%,45.10%,Kyoto Sanga,H,3,3/5/2022,3.053,1,4,3,Júbilo Iwata,1
0.524,7,2,0,399,9,12,3,0,21,5,24,39,0,4,2,1,33,9,"110,638m",187,109,6.40%,51%,Kyoto Sanga,A,4,3/12/2022,2.332,1,1,4,Shonan Bellmare,1
1.15,10,3,0,329,19,12,0,7,19,12,24,26,2,2,2,0,32,12,"115,592m",221,116,8.60%,44%,Kyoto Sanga,H,5,3/19/2022,1.008,0,1,5,FC Tokyo,0
1.167,13,6,0,345,18,6,3,5,24,11,25,27,0,1,0,0,32,9,"116,633m",210,116,11.20%,39.40%,Kyoto Sanga,A,6,4/2/2022,1.582,3,1,6,Vissel Kobe,3
1.684,17,4,0,372,22,14,1,5,25,15,10,26,2,3,0,0,34,14,"114,314m",200,124,13.70%,51.60%,Kyoto Sanga,H,7,4/6/2022,1.006,1,1,7,Gamba Osaka,1
1.148,11,4,0,289,8,9,4,4,17,8,16,20,3,2,3,0,36,14,"117,100m",225,108,10.20%,40.10%,Kyoto Sanga,H,8,4/10/2022,1.387,3,1,8,Sagan Tosu,3
1.454,10,3,0,323,8,11,5,6,20,12,27,32,2,1,2,0,30,11,"123,719m",239,120,8.30%,40.60%,Kyoto Sanga,A,9,4/17/2022,0.785,2,0,9,Kashiwa Reysol,2
0.693,7,0,0,350,12,13,6,1,29,18,16,22,3,1,2,0,29,9,"112,255m",173,131,5.30%,51.20%,Kyoto Sanga,H,10,4/29/2022,0.992,0,1,10,Avispa Fukuoka,0
0.631,8,1,0,405,13,8,2,5,16,7,14,32,2,1,1,0,34,10,"113,820m",218,111,7.20%,52.40%,Kyoto Sanga,A,11,5/3/2022,1.918,1,1,11,Grampus,1
0.981,11,3,0,429,14,9,4,2,21,9,26,18,1,1,1,0,32,13,"114,607m",216,129,8.50%,49.30%,Kyoto Sanga,A,12,5/7/2022,1.177,0,1,12,Consa Sapporo,0
1.109,12,3,0,481,15,8,2,4,22,20,14,21,1,1,2,0,47,12,"114,964m",212,132,9.10%,55.10%,Kyoto Sanga,H,13,5/14/2022,1.059,0,0,13,S-Pulse,0
0.951,10,3,0,345,12,10,3,4,20,11,21,35,3,1,1,0,29,11,"111,912m",226,117,8.50%,45.50%,Kyoto Sanga,A,14,5/21/2022,1.983,1,3,14,Sanfrecce,1
0.359,5,0,0,284,9,16,1,2,29,9,21,35,1,5,2,0,15,5,"126,716m",252,129,3.90%,39.20%,Kyoto Sanga,A,15,5/25/2022,2.162,0,2,15,Marinos,0
0.712,7,0,0,307,9,8,6,6,16,7,19,16,1,1,3,0,15,5,"110,701m",173,102,6.90%,43.30%,Kyoto Sanga,H,16,5/29/2022,0.993,1,0,16,Kawa Frontale,1
1.112,12,4,0,283,11,10,3,6,29,13,21,24,2,2,1,0,22,6,"110,575m",178,126,9.50%,44.80%,Kyoto Sanga,A,17,6/18/2022,0.841,0,1,17,Kashima Antlers,0
2.23,17,4,0,411,13,9,3,1,18,7,34,30,4,1,0,0,42,11,"121,995m",191,117,14.50%,41.10%,Nagoya Grampus,H,1,2/19/2022,0.912,2,0,1,Vissel Kobe,2
1.348,13,6,0,452,11,17,6,8,27,6,21,11,3,0,1,0,21,10,"126,407m",229,137,9.50%,43.70%,Nagoya Grampus,H,3,3/6/2022,0.846,1,1,2,Sagan Tosu,1
1.27,12,2,0,394,12,17,1,11,29,13,26,8,3,1,1,0,23,8,"116,719m",196,139,8.60%,42.60%,Nagoya Grampus,A,4,3/12/2022,0.684,0,1,3,Kawa Frontale,0
1.248,12,5,0,439,15,12,1,6,31,16,27,18,1,2,2,0,28,7,"121,170m",224,124,9.70%,48.30%,Nagoya Grampus,H,5,3/20/2022,1.479,1,1,4,Kashiwa Reysol,1
1.726,18,7,0,521,24,14,1,10,24,13,17,14,1,1,0,0,53,16,"116,513m",161,131,13.70%,55.60%,Nagoya Grampus,A,6,4/2/2022,1.392,1,3,5,Gamba Osaka,1
2.12,15,5,1,500,18,15,1,7,31,11,17,30,5,2,3,0,39,12,"119,373m",216,130,11.50%,57.70%,Nagoya Grampus,H,7,4/6/2022,0.794,2,1,6,Shonan Bellmare,2
2.148,12,5,0,364,11,15,3,7,18,9,23,22,0,2,2,0,33,8,"112,260m",176,121,9.90%,41.80%,Nagoya Grampus,H,8,4/10/2022,0.79,0,2,7,Consa Sapporo,0
0.945,9,3,0,361,13,12,1,3,22,16,24,25,1,2,1,0,40,10,"111,373m",192,125,7.20%,47.60%,Nagoya Grampus,A,9,4/17/2022,0.43,0,0,8,Kashima Antlers,0
1.499,14,5,0,375,15,8,3,4,21,16,20,32,6,1,0,0,36,12,"113,007m",193,115,12.20%,44.90%,Nagoya Grampus,A,2,4/20/2022,0.95,0,0,9,FC Tokyo,0
0.46,10,2,0,550,14,8,3,2,26,7,19,19,4,0,0,0,42,4,"115,302m",155,117,8.50%,51.80%,Nagoya Grampus,A,10,4/28/2022,1.094,1,2,10,Júbilo Iwata,1
1.918,17,1,0,352,24,13,1,13,30,17,25,21,3,2,1,0,35,12,"110,843m",191,129,13.20%,47.60%,Nagoya Grampus,H,11,5/3/2022,0.631,1,1,11,Kyoto Sanga,1
1.047,10,3,0,313,14,16,2,9,25,10,23,18,0,6,1,0,24,5,"116,644m",228,113,8.80%,40.10%,Nagoya Grampus,A,12,5/7/2022,1.403,1,2,12,Marinos,1
0.506,7,1,0,460,8,11,0,2,14,12,30,25,2,4,1,0,31,4,"118,723m",197,123,5.70%,46%,Nagoya Grampus,H,13,5/14/2022,0.711,1,0,13,Cerezo Osaka,1
0.861,14,7,0,420,13,9,0,7,38,16,11,19,1,1,0,0,27,9,"116,479m",190,121,11.60%,43.80%,Nagoya Grampus,A,14,5/21/2022,1.386,2,1,14,S-Pulse,2
1.023,7,1,0,229,5,16,1,3,23,5,12,43,1,0,0,1,10,3,"109,735m",158,120,5.80%,37%,Nagoya Grampus,H,15,5/25/2022,0.473,1,0,15,Avispa Fukuoka,1
0.571,10,1,0,443,17,16,1,4,27,11,23,22,3,1,0,0,29,13,"111,079m",197,127,7.90%,53.20%,Nagoya Grampus,A,16,5/28/2022,1.377,0,1,16,Sanfrecce,0
0.582,9,1,0,442,16,8,0,7,10,14,16,19,1,3,2,0,37,9,"111,499m",196,104,8.70%,49%,Nagoya Grampus,A,17,6/18/2022,2.193,0,3,17,Urawa Reds,0
0.664,8,3,0,659,19,7,3,10,27,6,21,9,3,0,0,0,58,13,"125,268m",230,126,6.30%,57%,Sagan Tosu,A,1,2/19/2022,0.545,0,0,1,Sanfrecce,0
1.183,10,1,0,579,13,12,1,4,18,4,13,25,2,0,0,0,39,7,"126,584m",207,125,8.00%,55.50%,Sagan Tosu,H,2,2/26/2022,0.822,1,1,2,Shonan Bellmare,1
0.846,7,2,0,642,9,8,0,3,20,7,24,26,5,6,1,0,54,10,"132,265m",222,119,5.90%,56.30%,Sagan Tosu,A,3,3/6/2022,1.348,1,1,3,Grampus,1
1.117,14,2,0,478,18,4,0,6,29,11,29,29,2,2,1,0,44,15,"126,039m",235,134,10.40%,47.90%,Sagan Tosu,H,4,3/13/2022,1.003,1,0,4,Urawa Reds,1
0.783,9,2,0,349,17,14,2,5,43,7,25,16,3,2,1,0,22,9,"126,273m",184,167,5.40%,49%,Sagan Tosu,A,5,3/18/2022,1.102,0,0,5,Marinos,0
0.495,6,1,0,618,15,13,1,3,20,7,18,26,4,2,2,0,62,10,"121,158m",240,108,5.60%,61.30%,Sagan Tosu,A,6,4/1/2022,1.138,0,0,6,Avispa Fukuoka,0
1.659,15,7,0,536,18,10,1,2,20,6,12,17,5,1,1,0,47,11,"130,071m",280,107,14.00%,46.10%,Sagan Tosu,H,7,4/6/2022,0.605,5,0,7,Consa Sapporo,5
1.387,10,3,1,570,15,14,2,3,29,8,23,7,3,4,1,0,45,12,"115,148m",197,122,8.20%,59.90%,Sagan Tosu,A,8,4/10/2022,1.148,1,3,8,Kyoto Sanga,1
0.844,13,2,0,537,14,7,1,5,22,13,24,11,1,2,0,0,42,10,"123,071m",239,115,11.30%,56.50%,Sagan Tosu,H,9,4/17/2022,0.723,0,0,9,S-Pulse,0
1.704,14,5,0,448,12,15,0,7,36,9,18,28,1,0,2,0,30,8,"128,020m",262,140,10.00%,49.80%,Sagan Tosu,A,10,4/29/2022,1.357,4,1,10,Kashiwa Reysol,4
0.758,14,5,0,565,22,7,1,11,25,26,22,18,3,2,1,0,49,20,"122,894m",248,123,11.40%,56.40%,Sagan Tosu,H,11,5/3/2022,1.596,1,1,11,Cerezo Osaka,1
1.16,9,3,0,333,21,8,3,9,25,9,13,29,4,3,2,0,26,8,"118,267m",253,102,8.80%,41%,Sagan Tosu,A,12,5/8/2022,0.469,1,0,12,FC Tokyo,1
1.208,12,3,0,633,15,11,2,6,20,12,11,8,1,4,0,0,60,16,"120,526m",209,102,11.80%,56.30%,Sagan Tosu,A,13,5/14/2022,1.303,0,4,13,Vissel Kobe,0
0.857,10,0,0,530,17,10,2,2,14,10,26,17,1,3,2,0,36,10,"120,795m",229,108,9.30%,53.10%,Sagan Tosu,H,14,5/21/2022,1.161,0,0,14,Kawa Frontale,0
2.188,9,6,0,282,7,10,1,6,21,6,16,25,3,1,1,0,19,7,"121,067m",219,108,8.30%,41.70%,Sagan Tosu,A,15,5/25/2022,1.879,4,4,15,Kashima Antlers,4
1.153,10,5,0,428,11,18,1,3,31,3,19,11,0,1,0,0,33,8,"123,180m",241,140,7.10%,54.10%,Sagan Tosu,H,16,5/29/2022,0.922,2,1,16,Gamba Osaka,2
0.818,6,2,0,794,24,11,2,6,27,12,19,22,0,1,1,0,64,12,"120,977m",173,117,5.10%,68.40%,Sagan Tosu,A,17,6/18/2022,1.624,1,3,17,Júbilo Iwata,1
0.545,7,0,0,433,7,11,0,1,32,7,24,27,0,3,0,0,28,5,"118,300m",210,125,5.60%,43%,Sanfrecce Hiroshima,H,1,2/19/2022,0.664,0,0,1,Sagan Tosu,0
1.345,17,1,0,417,15,12,3,2,22,11,34,26,2,0,2,0,43,16,"117,803m",221,129,13.20%,45.60%,Sanfrecce Hiroshima,A,2,2/26/2022,1.165,1,1,2,Consa Sapporo,1
0.73,10,5,0,516,24,13,1,6,30,25,21,22,2,2,0,0,60,12,"114,692m",206,139,7.20%,51.80%,Sanfrecce Hiroshima,H,3,3/6/2022,1.485,1,1,3,Vissel Kobe,1
0.649,14,5,0,444,21,7,2,6,28,14,22,16,2,5,1,0,51,11,"114,381m",215,119,11.80%,50.10%,Sanfrecce Hiroshima,A,4,3/12/2022,1.168,1,2,4,FC Tokyo,1
1.156,14,3,0,512,20,10,2,4,33,21,23,17,1,2,0,0,59,8,"118,105m",236,133,10.50%,48.60%,Sanfrecce Hiroshima,H,5,3/19/2022,1.113,0,2,5,Kawa Frontale,0
0.872,15,7,0,536,10,15,0,1,28,12,28,18,4,2,0,0,46,8,"110,105m",207,140,10.70%,56%,Sanfrecce Hiroshima,A,6,4/2/2022,0.778,1,0,6,Shonan Bellmare,1
2.158,20,4,0,401,23,11,2,4,31,16,16,19,4,4,2,0,42,16,"120,743m",226,131,15.30%,39.60%,Sanfrecce Hiroshima,H,7,4/6/2022,0.154,2,0,7,Marinos,2
1.902,12,4,1,524,16,15,2,9,28,15,15,17,2,2,2,0,39,17,"104,536m",172,123,9.80%,60.40%,Sanfrecce Hiroshima,H,8,4/10/2022,0.331,1,0,8,Avispa Fukuoka,1
1.885,21,9,0,640,19,11,2,5,27,24,24,15,0,2,1,0,55,21,"117,147m",186,126,16.70%,57.70%,Sanfrecce Hiroshima,A,9,4/17/2022,1.221,2,2,9,Júbilo Iwata,2
2.917,23,6,0,667,27,10,1,7,36,16,20,11,3,2,0,0,61,22,"120,371m",222,150,15.30%,57.10%,Sanfrecce Hiroshima,A,10,4/29/2022,1.55,2,2,10,S-Pulse,2
0.894,11,7,0,497,19,12,0,8,23,17,25,15,0,4,0,0,47,17,"109,389m",213,122,9.00%,53.80%,Sanfrecce Hiroshima,H,11,5/3/2022,1.618,1,2,11,Kashiwa Reysol,1
1.528,17,6,0,398,18,8,0,5,25,18,18,10,3,2,2,0,44,19,"112,461m",174,112,15.20%,46.20%,Sanfrecce Hiroshima,H,12,5/7/2022,0.776,3,0,12,Kashima Antlers,3
1.335,18,3,0,526,20,9,3,7,13,14,19,10,0,2,2,0,51,15,"115,470m",174,104,17.30%,48.20%,Sanfrecce Hiroshima,A,13,5/13/2022,0.729,0,0,13,Urawa Reds,0
1.983,17,5,0,479,18,11,1,8,30,11,23,16,0,3,0,0,46,19,"109,658m",239,129,13.20%,54.50%,Sanfrecce Hiroshima,H,14,5/21/2022,0.951,3,1,14,Kyoto Sanga,3
1.377,17,6,0,399,9,14,1,5,26,14,22,23,0,1,1,0,39,13,"109,997m",188,126,13.50%,46.80%,Sanfrecce Hiroshima,H,16,5/28/2022,0.571,1,0,15,Grampus,1
1.31,11,4,1,579,30,6,1,7,23,17,18,13,1,3,1,0,53,12,"108,888m",165,114,9.60%,57.20%,Sanfrecce Hiroshima,H,17,6/18/2022,0.354,2,1,16,Cerezo Osaka,2
0.882,8,4,0,402,10,13,2,3,18,8,20,23,6,1,0,0,30,14,"118,149m",217,116,6.90%,42.50%,Shimizu S-Pulse,H,1,2/19/2022,2.203,1,1,1,Consa Sapporo,1
1.37,21,7,0,477,6,9,0,4,11,14,23,19,5,0,0,0,47,13,"118,420m",207,114,18.40%,48%,Shimizu S-Pulse,A,2,2/26/2022,0.412,2,1,2,Júbilo Iwata,2
0.61,6,1,0,404,9,8,2,3,25,11,20,13,1,2,0,0,25,6,"122,318m",221,122,4.90%,43.40%,Shimizu S-Pulse,A,3,3/6/2022,1.298,0,2,3,Marinos,0
0.95,12,6,0,480,6,8,2,3,21,14,16,19,2,2,1,0,32,12,"117,002m",202,119,10.10%,50%,Shimizu S-Pulse,H,4,3/12/2022,0.986,1,3,4,Cerezo Osaka,1
0.982,12,3,0,283,9,5,3,5,22,8,15,25,1,0,0,0,21,5,"116,727m",199,114,10.50%,34.90%,Shimizu S-Pulse,H,5,3/19/2022,1.464,0,0,5,Vissel Kobe,0
0.585,9,2,0,291,7,13,1,3,18,4,24,40,1,0,1,0,26,6,"116,685m",178,116,7.80%,45%,Shimizu S-Pulse,A,6,4/2/2022,1.45,1,2,6,Kashima Antlers,1
1.36,17,4,0,456,25,10,0,8,25,12,15,19,2,0,1,0,65,16,"111,629m",179,108,15.70%,46.10%,Shimizu S-Pulse,A,7,4/6/2022,2.101,1,1,7,Urawa Reds,1
1.623,19,4,0,475,20,9,1,5,16,13,10,16,0,1,0,0,38,17,"117,384m",179,109,17.40%,51.90%,Shimizu S-Pulse,H,8,4/10/2022,1.32,1,1,8,Gamba Osaka,1
0.723,7,3,0,391,4,6,2,2,27,7,14,26,3,1,0,0,22,7,"116,302m",201,115,6.10%,43.50%,Shimizu S-Pulse,A,9,4/17/2022,0.844,0,0,9,Sagan Tosu,0
1.55,14,5,0,414,10,7,2,2,17,9,21,27,4,1,2,0,38,5,"125,891m",215,125,11.20%,42.90%,Shimizu S-Pulse,H,10,4/29/2022,2.917,2,2,10,Sanfrecce,2
2.585,16,10,0,369,7,10,2,5,18,13,19,25,3,3,1,0,31,8,"118,521m",204,131,12.20%,47.50%,Shimizu S-Pulse,A,11,5/3/2022,2.045,4,1,11,Shonan Bellmare,4
1.165,9,1,0,411,12,8,1,6,26,10,17,15,2,1,0,0,35,14,"114,905m",130,110,8.20%,40.80%,Shimizu S-Pulse,H,12,5/7/2022,0.757,0,2,12,Kawa Frontale,0
1.059,15,7,0,345,23,12,1,5,16,12,24,28,2,2,0,0,40,16,"112,454m",209,139,10.80%,44.90%,Shimizu S-Pulse,A,13,5/14/2022,1.109,0,0,13,Kyoto Sanga,0
1.386,17,4,0,555,20,7,1,2,24,11,17,25,3,0,1,0,45,13,"115,034m",178,103,16.50%,56.20%,Shimizu S-Pulse,H,14,5/21/2022,0.861,1,2,14,Grampus,1
1.027,11,3,0,383,12,10,2,3,15,7,19,21,0,0,1,0,24,8,"118,417m",210,97,11.30%,42.10%,Shimizu S-Pulse,H,15,5/25/2022,1.107,0,3,15,FC Tokyo,0
1.347,16,6,0,491,12,6,1,4,26,8,11,15,1,2,1,0,30,12,"120,842m",166,104,15.40%,48.70%,Shimizu S-Pulse,A,16,5/29/2022,1.337,1,3,16,Kashiwa Reysol,1
0.601,8,4,0,334,16,13,2,5,18,12,10,45,3,1,2,0,26,9,"110,683m",120,101,7.90%,44.80%,Shimizu S-Pulse,H,17,6/18/2022,1.183,3,1,17,Avispa Fukuoka,3
0.691,10,1,0,400,11,9,1,2,32,10,21,23,1,2,3,1,28,6,"114,260m",169,131,7.60%,42.80%,Shonan Bellmare,H,1,2/19/2022,2.371,0,2,1,Kashiwa Reysol,0
0.822,10,2,0,438,16,16,0,5,24,6,25,14,7,1,1,0,34,13,"125,221m",207,129,7.80%,44.50%,Shonan Bellmare,A,2,2/26/2022,1.183,1,1,2,Sagan Tosu,1
0.458,7,0,0,561,8,3,2,1,31,6,21,14,3,0,1,0,43,8,"117,513m",145,118,5.90%,52.40%,Shonan Bellmare,A,3,3/6/2022,0.981,0,2,3,Urawa Reds,0
2.332,21,7,0,375,25,19,4,9,21,10,16,11,2,3,1,0,38,14,"118,458m",235,129,16.30%,49%,Shonan Bellmare,H,4,3/12/2022,0.524,1,1,4,Kyoto Sanga,1
0.582,8,1,0,293,11,12,3,7,31,10,26,24,2,3,1,0,30,11,"118,609m",216,149,5.40%,42%,Shonan Bellmare,A,5,3/19/2022,1.308,1,2,5,Kashima Antlers,1
0.778,9,1,0,447,9,12,2,3,17,6,27,6,1,0,0,0,33,8,"117,507m",213,132,6.80%,44%,Shonan Bellmare,H,6,4/2/2022,0.872,0,1,6,Sanfrecce,0
0.794,9,3,0,338,10,10,2,7,22,10,18,25,3,1,0,1,29,3,"120,411m",227,115,7.80%,42.30%,Shonan Bellmare,A,7,4/6/2022,2.12,1,2,7,Grampus,1
0.656,13,4,0,431,19,10,2,4,25,9,13,12,0,2,3,0,41,12,"119,405m",164,118,11.00%,46.70%,Shonan Bellmare,H,8,4/10/2022,0.762,0,0,8,Júbilo Iwata,0
0.78,11,4,0,465,18,11,3,6,22,12,11,18,0,1,1,0,39,14,"119,095m",157,116,9.50%,47.10%,Shonan Bellmare,A,9,4/17/2022,0.699,1,0,9,Gamba Osaka,1
0.855,11,4,0,469,17,10,1,7,29,12,24,14,0,2,0,0,32,12,"116,247m",175,135,8.10%,47.90%,Shonan Bellmare,A,10,4/29/2022,1.3,0,1,10,Consa Sapporo,0
2.045,20,7,0,525,23,15,3,6,31,10,18,7,0,2,1,0,49,20,"117,736m",182,142,14.10%,52.50%,Shonan Bellmare,H,11,5/3/2022,2.585,1,4,11,S-Pulse,1
0.35,5,2,0,351,11,17,2,3,24,10,15,20,1,5,4,1,29,4,"105,613m",185,120,4.20%,47.30%,Shonan Bellmare,A,12,5/7/2022,0.949,0,0,12,Avispa Fukuoka,0
1.614,22,8,0,423,29,8,3,6,15,15,22,17,5,4,0,0,44,26,"128,391m",249,120,18.30%,40.20%,Shonan Bellmare,H,13,5/14/2022,2.214,1,4,13,Marinos,1
1.034,12,4,0,355,11,8,1,4,21,11,15,21,1,1,0,0,33,14,"118,783m",161,106,11.30%,36.40%,Shonan Bellmare,H,14,5/21/2022,1.066,2,1,14,Vissel Kobe,2
1.695,17,8,0,443,13,5,3,7,30,4,15,11,2,2,3,0,45,10,"117,295m",192,118,14.40%,45.90%,Shonan Bellmare,A,15,5/25/2022,0.747,4,0,15,Kawa Frontale,4
1.413,18,3,0,468,25,8,1,10,25,18,15,11,0,3,0,0,51,17,"120,562m",178,128,14.10%,48.80%,Shonan Bellmare,H,16,5/29/2022,0.931,0,2,16,Cerezo Osaka,0
0.837,13,8,0,314,12,11,1,2,13,10,33,20,2,3,2,0,34,15,"116,593m",229,121,10.70%,39.30%,Shonan Bellmare,H,17,6/18/2022,1.13,2,0,17,FC Tokyo,2
1.629,15,6,0,507,20,12,0,4,34,16,30,14,1,0,0,0,45,16,"113,405m",208,141,10.60%,55%,Urawa Reds,A,1,2/19/2022,0.876,0,1,1,Kyoto Sanga,0
0.798,9,5,0,274,12,6,2,9,16,12,19,50,4,1,2,1,22,11,"109,659m",175,112,8.00%,39.90%,Urawa Reds,H,9,2/23/2022,3.978,2,2,2,Vissel Kobe,2
1.463,13,3,0,685,18,16,0,4,14,3,10,15,1,0,3,1,48,7,"113,638m",186,125,10.40%,66.40%,Urawa Reds,H,2,2/26/2022,0.966,0,1,3,Gamba Osaka,0
1.748,11,3,0,452,18,15,2,9,26,7,30,22,3,0,1,0,32,6,"108,894m",159,118,9.30%,49.60%,Urawa Reds,A,10,3/2/2022,0.771,1,2,4,Kawa Frontale,1
0.981,13,4,0,471,17,18,0,6,22,14,18,8,3,2,0,0,27,17,"112,904m",192,128,10.20%,47.60%,Urawa Reds,H,3,3/6/2022,0.458,2,0,5,Shonan Bellmare,2
1.003,13,2,0,505,22,15,2,4,26,12,16,18,1,0,0,0,33,7,"117,194m",193,131,9.90%,52.10%,Urawa Reds,A,4,3/13/2022,1.117,0,1,6,Sagan Tosu,0
3.076,20,13,1,598,14,7,1,3,23,9,32,23,1,1,0,0,38,18,"115,631m",187,111,18.00%,53.60%,Urawa Reds,H,5,3/19/2022,1.065,4,1,7,Júbilo Iwata,4
2.489,13,5,1,433,18,14,2,3,22,14,17,10,3,2,0,0,42,15,"116,320m",213,114,11.40%,46.50%,Urawa Reds,A,6,4/2/2022,1.281,1,1,8,Consa Sapporo,1
2.101,14,3,1,493,11,10,0,3,17,6,30,22,0,0,2,1,23,13,"105,247m",153,104,13.50%,53.90%,Urawa Reds,H,7,4/6/2022,1.36,1,1,9,S-Pulse,1
1.701,18,3,0,559,13,7,2,4,26,10,24,11,4,2,0,0,47,20,"104,601m",158,118,15.30%,60.50%,Urawa Reds,A,8,4/10/2022,1.03,0,0,10,FC Tokyo,0
0.669,10,2,0,663,10,18,0,1,24,12,22,10,5,4,1,0,25,8,"107,654m",164,126,7.90%,64.40%,Urawa Reds,A,12,5/8/2022,0.627,0,0,11,Kashiwa Reysol,0
0.729,15,7,0,531,8,13,2,4,13,11,13,23,4,3,2,0,48,11,"114,115m",172,100,15.00%,51.80%,Urawa Reds,H,13,5/13/2022,1.335,0,0,12,Sanfrecce,0
1.218,11,3,0,450,9,12,1,3,17,14,11,19,2,2,0,0,32,13,"122,090m",187,113,9.70%,43.50%,Urawa Reds,H,11,5/18/2022,1.423,3,3,13,Marinos,3
1.606,10,3,1,469,11,14,0,4,29,18,15,24,0,0,0,0,42,12,"108,141m",175,121,8.30%,58.60%,Urawa Reds,H,14,5/21/2022,0.937,1,1,14,Kashima Antlers,1
1.166,11,2,0,504,24,7,1,9,28,17,16,14,1,2,0,0,53,13,"107,840m",158,109,10.10%,59.70%,Urawa Reds,A,15,5/25/2022,1.342,0,2,15,Cerezo Osaka,0
1.053,13,5,0,571,19,16,1,8,31,14,8,5,1,2,0,0,57,12,"108,882m",186,129,10.10%,67.30%,Urawa Reds,A,16,5/28/2022,0.165,0,0,16,Avispa Fukuoka,0
2.193,16,5,0,407,10,13,3,10,19,15,20,16,2,0,1,0,45,13,"115,664m",228,109,14.70%,51%,Urawa Reds,H,17,6/18/2022,0.582,3,0,17,Grampus,3
0.912,12,1,0,657,11,10,2,8,28,8,14,16,4,3,3,1,35,9,"115,545m",174,133,9.00%,58.90%,Vissel Kobe,A,1,2/19/2022,2.23,0,2,1,Grampus,0
3.978,20,5,1,568,36,7,1,7,18,13,17,24,1,2,1,0,65,24,"116,116m",157,110,18.20%,60.10%,Vissel Kobe,A,9,2/23/2022,0.798,2,2,2,Urawa Reds,2
0.844,10,2,0,573,9,14,2,5,26,15,17,19,2,1,3,0,33,7,"109,717m",146,132,7.60%,64.90%,Vissel Kobe,H,2,2/26/2022,1.098,0,0,3,Avispa Fukuoka,0
2.595,25,5,0,526,19,12,0,10,34,12,21,10,0,2,0,0,41,18,"121,233m",225,141,17.70%,53.10%,Vissel Kobe,A,10,3/2/2022,2.412,0,2,4,Marinos,0
1.485,10,5,0,444,10,8,2,10,19,10,31,36,4,1,0,0,27,6,"117,813m",180,138,7.20%,48.20%,Vissel Kobe,A,3,3/6/2022,0.73,1,1,5,Sanfrecce,1
0.524,8,3,0,642,11,24,0,7,35,11,18,13,0,2,1,0,37,11,"113,016m",137,148,5.40%,64%,Vissel Kobe,H,4,3/11/2022,1.119,0,2,6,Kashima Antlers,0
1.464,19,5,0,661,17,12,0,9,25,7,17,11,0,3,0,0,40,13,"115,185m",155,114,16.70%,65.10%,Vissel Kobe,A,5,3/19/2022,0.982,0,0,7,S-Pulse,0
1.582,13,3,0,610,14,17,1,4,22,14,25,18,2,3,0,0,56,19,"111,554m",147,126,10.30%,60.60%,Vissel Kobe,H,6,4/2/2022,1.167,1,3,8,Kyoto Sanga,1
1.096,10,2,0,468,15,9,1,7,17,12,30,27,1,1,0,0,34,9,"118,469m",171,113,8.80%,49.50%,Vissel Kobe,A,7,4/6/2022,1.566,1,3,9,FC Tokyo,1
1.029,14,3,0,697,18,7,1,6,30,13,19,22,6,0,0,0,60,15,"120,498m",164,136,10.30%,60.30%,Vissel Kobe,H,8,4/10/2022,1.272,0,1,10,Cerezo Osaka,0
0.306,5,3,0,358,6,12,2,1,13,7,12,29,1,0,3,1,24,3,"107,891m",157,99,5.10%,45%,Vissel Kobe,A,12,5/8/2022,2.891,0,2,11,Gamba Osaka,0
1.303,11,6,0,382,8,9,4,0,16,11,9,22,5,2,0,0,22,13,"118,466m",182,106,10.40%,43.70%,Vissel Kobe,H,13,5/14/2022,1.208,4,0,12,Sagan Tosu,4
0.964,11,2,0,434,7,9,3,5,15,7,16,14,4,0,0,0,30,9,"112,248m",130,100,11.00%,39.90%,Vissel Kobe,H,11,5/18/2022,1.115,0,1,13,Kawa Frontale,0
1.066,11,3,0,614,6,15,1,3,35,9,5,21,3,1,1,0,29,11,"114,025m",145,120,9.20%,63.60%,Vissel Kobe,A,14,5/21/2022,1.034,1,2,14,Shonan Bellmare,1
2.32,17,7,0,559,16,9,2,3,25,11,26,19,5,1,1,0,45,11,"118,329m",182,119,14.30%,51.60%,Vissel Kobe,H,15,5/25/2022,0.901,0,0,15,Júbilo Iwata,0
1.8,12,7,0,337,10,14,0,5,21,11,12,14,4,1,3,0,27,8,"109,526m",153,111,10.80%,43.90%,Vissel Kobe,H,16,5/29/2022,1.326,4,1,16,Consa Sapporo,4
1.119,10,3,0,623,9,9,1,5,15,10,11,15,3,4,1,0,39,7,"115,008m",150,114,8.80%,59.40%,Vissel Kobe,A,17,6/18/2022,1.408,1,3,17,Kashiwa Reysol,1
3.204,26,9,1,748,22,14,4,6,23,14,27,17,4,1,0,0,71,31,"121,754m",200,126,20.60%,64.80%,Yokohama F-Marinos,H,1,2/19/2022,0.892,2,2,1,Cerezo Osaka,2
1.307,14,6,0,618,21,17,3,1,22,4,15,17,1,0,2,0,44,11,"122,306m",224,111,12.60%,54.10%,Yokohama F-Marinos,H,9,2/23/2022,1.123,4,2,2,Kawa Frontale,4
0.942,6,2,0,560,10,13,4,2,18,9,16,20,0,3,2,2,25,6,"113,647m",208,121,5.00%,54.80%,Yokohama F-Marinos,A,2,2/27/2022,1.838,1,3,3,Kashiwa Reysol,1
2.412,22,8,0,465,20,13,2,7,24,13,18,31,3,0,1,0,40,22,"125,969m",235,130,16.90%,46.90%,Yokohama F-Marinos,H,10,3/2/2022,2.595,2,0,4,Vissel Kobe,2
1.298,17,8,0,654,14,11,2,9,23,11,31,15,3,2,0,0,51,14,"126,209m",223,128,13.30%,56.60%,Yokohama F-Marinos,H,3,3/6/2022,0.61,2,0,5,S-Pulse,2
1.306,14,5,0,566,23,20,2,9,20,11,16,18,1,2,4,0,50,13,"116,272m",199,114,12.30%,53.30%,Yokohama F-Marinos,A,4,3/12/2022,0.916,1,1,6,Consa Sapporo,1
1.102,13,3,0,394,5,17,2,2,41,6,33,22,1,2,0,0,18,4,"123,591m",181,170,7.60%,51%,Yokohama F-Marinos,H,5,3/18/2022,0.783,0,0,7,Sagan Tosu,0
1.83,14,6,0,718,20,17,4,7,22,7,18,10,3,0,0,0,57,17,"122,398m",233,122,11.50%,62.40%,Yokohama F-Marinos,H,6,4/2/2022,0.728,2,1,8,FC Tokyo,2
0.154,4,0,0,692,9,14,4,6,24,11,16,22,1,2,1,0,34,4,"119,650m",176,135,3.00%,60.40%,Yokohama F-Marinos,A,7,4/6/2022,2.158,0,2,9,Sanfrecce,0
2.727,25,3,0,663,34,13,5,7,40,22,17,22,1,1,0,0,63,23,"116,487m",209,157,15.90%,64.20%,Yokohama F-Marinos,A,8,4/10/2022,1.053,3,0,10,Kashima Antlers,3
1.403,15,5,0,554,7,14,6,6,21,9,11,20,0,2,1,0,46,7,"116,653m",206,115,13.00%,59.90%,Yokohama F-Marinos,H,12,5/7/2022,1.047,2,1,11,Grampus,2
2.214,16,9,0,698,11,10,4,4,11,11,13,23,2,2,2,0,32,15,"123,479m",206,110,14.50%,59.80%,Yokohama F-Marinos,A,13,5/14/2022,1.614,4,1,12,Shonan Bellmare,4
1.423,13,7,0,716,18,17,2,3,13,13,18,13,4,1,2,0,60,17,"126,918m",220,112,11.60%,56.50%,Yokohama F-Marinos,A,11,5/18/2022,1.218,3,3,13,Urawa Reds,3
1.695,15,1,0,715,21,13,1,7,32,8,7,17,0,0,0,1,52,11,"113,587m",170,117,12.80%,66.30%,Yokohama F-Marinos,A,14,5/21/2022,0.857,0,1,14,Avispa Fukuoka,0
2.162,28,13,0,535,18,14,6,4,47,14,12,9,0,1,2,0,54,21,"125,350m",237,143,19.60%,60.80%,Yokohama F-Marinos,H,15,5/25/2022,0.359,2,0,15,Kyoto Sanga,2
1.118,13,3,0,692,16,6,2,4,24,10,20,14,1,2,0,0,48,12,"117,030m",165,123,10.60%,60.40%,Yokohama F-Marinos,A,16,5/29/2022,0.783,2,0,16,Júbilo Iwata,2
2.222,21,7,0,513,25,12,1,5,33,14,19,27,1,3,0,0,58,20,"118,022m",178,131,16.00%,54.80%,Yokohama F-Marinos,A,17,6/18/2022,1.236,2,1,17,Gamba Osaka,2
